domain,subdomain,app_name
https://www.youtube.com/watch?v=dQw4w9WgXcQ,,YouTube
https://www.youtube.com/watch?v=dQw4w9WgXcQ,,YouTube
youtube.com,,YouTube
https://mail.google.com/mail/u/0/#inbox,,Gmail
https://docs.google.com/document/d/123,,Google Docs
https://drive.google.com/drive/folders/abc,,Google Drive
onedrive.live.com,,OneDrive
discord.com,,Discord
telegram.org,,Telegram
whatsapp.com,,WhatsApp
https://github.com/torvalds/linux,,GitHub
https://github.com/torvalds/linux,,GitHub
https://reddit.com/r/python,,Reddit
salesforce.com,,Salesforce CRM
trello.com,,Trello
asana.com,,Asana
workday.com,,Workday HRMS
dropbox.com,,Dropbox
amazon.com,,Amazon
wikipedia.org,,Wikipedia
https://docs.google.com/document/d/456,,Google Docs
https://mail.google.com/mail/u/1,,Gmail
